,mean,std,chain_0,chain_1,chain_2,chain_3,chain_4,model,shuffle_id
0,6590.21728515625,8.806403160095215,6585.916015625,6602.05078125,6596.94140625,6584.638671875,6581.53759765625,meta-llama/Llama-2-7b-hf,0
1,10871.7607421875,0.8208956122398376,10872.1845703125,10871.6845703125,10872.54296875,10871.990234375,10870.40234375,meta-llama/Llama-2-13b-hf,0
2,1710.0750732421875,140.79200744628906,1866.7191162109375,1833.78125,1680.043212890625,1644.98828125,1524.8433837890625,meta-llama/Llama-2-7b-hf,1
3,4694.89013671875,3.7904553413391113,4699.4921875,4696.28466796875,4695.146484375,4694.47607421875,4689.0498046875,meta-llama/Llama-2-13b-hf,1
4,1370.8841552734375,5.315436363220215,1368.3907470703125,1372.927734375,1378.210205078125,1363.888671875,1371.0040283203125,meta-llama/Llama-2-7b-hf,2
5,-110.3393783569336,3.8991482257843018,-111.42266845703125,-104.8069076538086,-109.12284088134766,-110.77420043945312,-115.57030487060547,meta-llama/Llama-2-13b-hf,2
